,svm,RegLin,RandomForest
poss,0.27850413658724327,0.32544652883902525,0.312627739610403
game,0.31456995130108945,0.3463385961314126,0.21936101405410413
